gege gege@gmail.com gege jhjhjhjh12345
ikhsan ikhsan@gmail.com isan sdvvzrug123
ikhsan ikhsan@gmail.com isan sdvvzrug123
dhea dhea@gmail.com riri ulul12321
Username: dhee Password: gkhh@jpdlo.frp
Username: dhee Password: gkhh@jpdlo.frp
si si@gmail.com sisi vlvl12321
ji ji@gmail.com jii mll12321
hi hi@gmail.com hi klkl12321
ki ki@gmail.com kii nll12321
aa aa@gmail.com aa ddd12321
ci ci@gmail.com cici flfl12321
ha ha@gmail.com ha kdkd12321
ku ku@gmail.com kuku nxnx1212
yaya yaya@gmail.com yaya00 bdbd1234
yaya yaya@gmail.com yaya17 bdbd1234
ying ying@gmail.com ying12 blqj1234
fang fang@gmail.com fang12 idqj1234
fang fang@gmail.com fang00 idqj1234
fang fang@gmail.com fang07 idqj1234
ake ale@gmail.com ale doh12321
angel angel@gmail.com angel dqjho1234
iky iky@gmail.com gek sdvvzrug123
zuk zuk@gmail.com zuk sdvvzrug123
zuk zuk@gmail.com nis sdvvzrug123
iky iky@gmail.com dhe sdvvzrug123
iky iky@gmail.com iky sdvvzrug123
isan isan@gmail.com ikhsan sdvvzrug123
isan isan@gmail.com zz sdvv12345
ISAN isan@gmail.com zzz sdvv12345
isan isan@gmail.com zuh sdvv123456
ISAN isan@gmail.com zuhr sdvv12345
isan isan@gmail.com zuhh sdvv12345
ikhsan san@gmail.com sann sdvv12345
ikhsan san@gmail.com sannn sdvv12345
ying ying@gmail.com ying blqj1234
isan isan@gmail.com zuhri sdvv12345
lklk lklk@gmail.com lklk 12321nono
dfdf dfdf@gmail.com dfdf 12321igig
ju ju@gmail.com juu 321321xxm
jii jii@gmail.com jiii 321321lllm
gii gii@gmail.com gii 321321llj
geraldin geraldin@gmail.com geraldin 321321qlgoduhj
