xi xi@gmail.com xixi alal12321
zz zz@gmail.com zizi clcl12321
riz riz@gmail.com riz ulcl12321
de de@gmail.com dede ghgh12321
nisa1234 nisa@gmail.com nisa1234 qlvd1234
nisa1234 nisa@gmail.com nisa12 qlvd1234
nisa00 nisa@gmail.com nisa00 qlvd1234
nisa nisa@gmail.com nisa1 qlvd1234
nisa nisa@gmail.com nisa9 qlvd1234
nisa nisa@gmail.com nisa8 qlvd1234
nisa nisa@gmail.com nisa22 qlvd1234
nisa nisa@gmail.com nini qlql1212
nomi nomi@gmail.com nomi qrpl1234
angel angel@gmail.com angel dqjho1234
iky iky@gmail.com iky12 sdvvzrug123
iky iky1@gmail.com gege sdvvzrug123
name ge@gmail.com gere sdvvzrug123
yoyo yoyo@gmail.com yoyo brbr1234
yoyo yoyo@gmail.com yoyo12 brbr1234
isan isan@gmail.com zuhri sdvv12345
kacamata kacamata@gmail.com kacamata ndfdpdwd123
fang fang@gmail.com fang idqj0000
